Project_ID, Project_Manager_ID, Project_Name, Start_Date, 
5, 200, Project Horizon, 02-23-2020
10, 100, Quantum Nexus, 06-16-2021
15, 400, Velocity Vision, 09-24-2014
20, 300,New Name, 06-10-2023
25, 500, Alpha Innovation, 01-15-2018
30, 600, Omega Systems, 03-22-2017
35, 700, Delta Solutions, 11-12-2019
40, 800, Beta Dynamics, 08-09-2022
45, 900, Gamma Technologies, 04-14-2016
50, 100, Theta Industries, 02-01-2020
55, 200, Sigma Enterprises, 05-05-2021
60, 300, Epsilon Ventures, 09-10-2021
65, 400, Zeta Corporation, 12-12-2022
70, 500, Lambda Innovations, 07-20-2020
75, 600, Kappa Solutions, 10-17-2018
80, 700, Mu Technologies, 06-05-2022
85, 800, Nu Enterprises, 03-03-2019
90, 900, Xi Ventures, 05-18-2023
95, 100, Pi Systems, 11-01-2017
100, 200, Rho Dynamics, 08-24-2021
105, 300, Tau Innovations, 02-19-2018
110, 400, Phi Solutions, 01-23-2023
115, 500, Chi Technologies, 04-15-2019
120, 600, Psi Industries, 07-30-2021
125, 700, Omega Dynamics, 06-22-2020
130, 800, Alpha Enterprises, 10-10-2022
135, 900, Beta Innovations, 01-05-2016
140, 100, Gamma Solutions, 09-12-2018
145, 200, Delta Systems, 03-26-2021
150, 300, Epsilon Technologies, 11-30-2022
155, 400, Zeta Enterprises, 04-18-2020
160, 500, Eta Ventures, 05-22-2017
165, 600, Theta Enterprises, 07-19-2022
170, 700, Sigma Innovations, 02-01-2023
175, 800, Rho Solutions, 12-10-2018
180, 900, Pi Technologies, 06-16-2021
185, 100, Mu Industries, 03-05-2020
190, 200, Kappa Enterprises, 08-09-2019
195, 300, Lambda Systems, 05-14-2016
200, 400, Nu Technologies, 07-22-2022
205, 500, Xi Ventures, 04-12-2017
210, 600, Omega Solutions, 11-23-2021
215, 700, Alpha Technologies, 01-07-2019
220, 800, Beta Enterprises, 09-14-2020
225, 900, Gamma Ventures, 03-18-2022
230, 100, Delta Innovations, 10-28-2021
235, 200, Epsilon Systems, 06-12-2020
240, 300, Zeta Technologies, 12-25-2022
245, 400, Eta Ventures, 02-14-2019
250, 500, Theta Dynamics, 09-02-2020
255, 600, Sigma Technologies, 04-22-2021
260, 700, Rho Enterprises, 08-17-2018
265, 800, Pi Systems, 11-30-2022
270, 900, Mu Ventures, 06-28-2021
275, 100, Kappa Technologies, 07-15-2017
280, 200, Lambda Solutions, 01-29-2020
285, 300, Nu Enterprises, 09-16-2021
290, 400, Xi Innovations, 12-09-2022
295, 500, Omega Systems, 08-20-2019
300, 600, Alpha Enterprises, 04-01-2021
305, 700, Beta Ventures, 03-11-2018
310, 800, Gamma Solutions, 06-02-2020
315, 900, Delta Technologies, 02-28-2023
320, 100, Epsilon Ventures, 01-15-2022
325, 200, Zeta Systems, 10-08-2021
330, 300, Eta Solutions, 11-21-2022
335, 400, Theta Enterprises, 02-12-2019
340, 500, Sigma Innovations, 07-04-2020
345, 600, Rho Systems, 09-29-2021
350, 700, Pi Technologies, 03-18-2023
355, 800, Mu Ventures, 06-25-2019
360, 900, Kappa Enterprises, 01-09-2022
365, 100, Lambda Systems, 12-06-2020
370, 200, Nu Ventures, 05-13-2021
375, 300, Xi Enterprises, 08-18-2020
380, 400, Omega Innovations, 03-12-2019
385, 500, Alpha Technologies, 02-04-2022
390, 600, Beta Systems, 07-23-2021
395, 700, Gamma Ventures, 11-05-2022
400, 800, Delta Enterprises, 04-29-2021
405, 900, Epsilon Systems, 10-14-2020
410, 100, Zeta Solutions, 03-02-2022
415, 200, Eta Enterprises, 11-11-2020
420, 300, Theta Technologies, 07-13-2021
425, 400, Sigma Ventures, 05-23-2022
430, 500, Rho Enterprises, 08-17-2020
435, 600, Pi Innovations, 02-15-2023
440, 700, Mu Solutions, 09-24-2019
445, 800, Kappa Ventures, 06-01-2022
450, 900, Lambda Enterprises, 04-03-2021
455, 100, Nu Systems, 12-19-2020
460, 200, Xi Technologies, 08-04-2021
465, 300, Omega Enterprises, 01-11-2022
470, 400, Alpha Innovations, 05-20-2019
475, 500, Beta Solutions, 09-27-2021
480, 600, Gamma Systems, 04-14-2020
485, 700, Delta Ventures, 03-06-2022
490, 800, Epsilon Enterprises, 10-22-2020
495, 900, Zeta Systems, 07-16-2021
500, 100, Eta Solutions, 06-11-2022

